dj,position,year
David-Guetta,42,2011
David-Guetta,15,2012
David-Guetta,8,2013
David-Guetta,10,2014
David-Guetta,10,2015
David-Guetta,7,2016
David-Guetta,9,2017
David-Guetta,11,2018
David-Guetta,10,2019
David-Guetta,9,2020
David-Guetta,10,2021
David-Guetta,7,2022
David-Guetta,8,2023
Dimitri-Vegas--Like-Mike,42,2011
Dimitri-Vegas--Like-Mike,15,2012
Dimitri-Vegas--Like-Mike,8,2013
Dimitri-Vegas--Like-Mike,10,2014
Dimitri-Vegas--Like-Mike,10,2015
Dimitri-Vegas--Like-Mike,7,2016
Dimitri-Vegas--Like-Mike,9,2017
Dimitri-Vegas--Like-Mike,11,2018
Dimitri-Vegas--Like-Mike,10,2019
Dimitri-Vegas--Like-Mike,9,2020
Dimitri-Vegas--Like-Mike,10,2021
Dimitri-Vegas--Like-Mike,7,2022
Dimitri-Vegas--Like-Mike,8,2023
Martin-Garrix,42,2011
Martin-Garrix,15,2012
Martin-Garrix,8,2013
Martin-Garrix,10,2014
Martin-Garrix,10,2015
Martin-Garrix,7,2016
Martin-Garrix,9,2017
Martin-Garrix,11,2018
Martin-Garrix,10,2019
Martin-Garrix,9,2020
Martin-Garrix,10,2021
Martin-Garrix,7,2022
Martin-Garrix,8,2023
Alok,42,2011
Alok,15,2012
Alok,8,2013
Alok,10,2014
Alok,10,2015
Alok,7,2016
Alok,9,2017
Alok,11,2018
Alok,10,2019
Alok,9,2020
Alok,10,2021
Alok,7,2022
Alok,8,2023
Armin-Van-Buuren,42,2011
Armin-Van-Buuren,15,2012
Armin-Van-Buuren,8,2013
Armin-Van-Buuren,10,2014
Armin-Van-Buuren,10,2015
Armin-Van-Buuren,7,2016
Armin-Van-Buuren,9,2017
Armin-Van-Buuren,11,2018
Armin-Van-Buuren,10,2019
Armin-Van-Buuren,9,2020
Armin-Van-Buuren,10,2021
Armin-Van-Buuren,7,2022
Armin-Van-Buuren,8,2023
Timmy-Trumpet,42,2011
Timmy-Trumpet,15,2012
Timmy-Trumpet,8,2013
Timmy-Trumpet,10,2014
Timmy-Trumpet,10,2015
Timmy-Trumpet,7,2016
Timmy-Trumpet,9,2017
Timmy-Trumpet,11,2018
Timmy-Trumpet,10,2019
Timmy-Trumpet,9,2020
Timmy-Trumpet,10,2021
Timmy-Trumpet,7,2022
Timmy-Trumpet,8,2023
Afrojack,42,2011
Afrojack,15,2012
Afrojack,8,2013
Afrojack,10,2014
Afrojack,10,2015
Afrojack,7,2016
Afrojack,9,2017
Afrojack,11,2018
Afrojack,10,2019
Afrojack,9,2020
Afrojack,10,2021
Afrojack,7,2022
Afrojack,8,2023
Steve-Aoki,42,2011
Steve-Aoki,15,2012
Steve-Aoki,8,2013
Steve-Aoki,10,2014
Steve-Aoki,10,2015
Steve-Aoki,7,2016
Steve-Aoki,9,2017
Steve-Aoki,11,2018
Steve-Aoki,10,2019
Steve-Aoki,9,2020
Steve-Aoki,10,2021
Steve-Aoki,7,2022
Steve-Aoki,8,2023
Peggy-Gou,42,2011
Peggy-Gou,15,2012
Peggy-Gou,8,2013
Peggy-Gou,10,2014
Peggy-Gou,10,2015
Peggy-Gou,7,2016
Peggy-Gou,9,2017
Peggy-Gou,11,2018
Peggy-Gou,10,2019
Peggy-Gou,9,2020
Peggy-Gou,10,2021
Peggy-Gou,7,2022
Peggy-Gou,8,2023
Vintage-Culture,42,2011
Vintage-Culture,15,2012
Vintage-Culture,8,2013
Vintage-Culture,10,2014
Vintage-Culture,10,2015
Vintage-Culture,7,2016
Vintage-Culture,9,2017
Vintage-Culture,11,2018
Vintage-Culture,10,2019
Vintage-Culture,9,2020
Vintage-Culture,10,2021
Vintage-Culture,7,2022
Vintage-Culture,8,2023
Alan-Walker,42,2011
Alan-Walker,15,2012
Alan-Walker,8,2013
Alan-Walker,10,2014
Alan-Walker,10,2015
Alan-Walker,7,2016
Alan-Walker,9,2017
Alan-Walker,11,2018
Alan-Walker,10,2019
Alan-Walker,9,2020
Alan-Walker,10,2021
Alan-Walker,7,2022
Alan-Walker,8,2023
Calvin-Harris,42,2011
Calvin-Harris,15,2012
Calvin-Harris,8,2013
Calvin-Harris,10,2014
Calvin-Harris,10,2015
Calvin-Harris,7,2016
Calvin-Harris,9,2017
Calvin-Harris,11,2018
Calvin-Harris,10,2019
Calvin-Harris,9,2020
Calvin-Harris,10,2021
Calvin-Harris,7,2022
Calvin-Harris,8,2023
Don-Diablo,42,2011
Don-Diablo,15,2012
Don-Diablo,8,2013
Don-Diablo,10,2014
Don-Diablo,10,2015
Don-Diablo,7,2016
Don-Diablo,9,2017
Don-Diablo,11,2018
Don-Diablo,10,2019
Don-Diablo,9,2020
Don-Diablo,10,2021
Don-Diablo,7,2022
Don-Diablo,8,2023
R3hab,42,2011
R3hab,15,2012
R3hab,8,2013
R3hab,10,2014
R3hab,10,2015
R3hab,7,2016
R3hab,9,2017
R3hab,11,2018
R3hab,10,2019
R3hab,9,2020
R3hab,10,2021
R3hab,7,2022
R3hab,8,2023
KSHMR,42,2011
KSHMR,15,2012
KSHMR,8,2013
KSHMR,10,2014
KSHMR,10,2015
KSHMR,7,2016
KSHMR,9,2017
KSHMR,11,2018
KSHMR,10,2019
KSHMR,9,2020
KSHMR,10,2021
KSHMR,7,2022
KSHMR,8,2023
WW,42,2011
WW,15,2012
WW,8,2013
WW,10,2014
WW,10,2015
WW,7,2016
WW,9,2017
WW,11,2018
WW,10,2019
WW,9,2020
WW,10,2021
WW,7,2022
WW,8,2023
Skrillex,42,2011
Skrillex,15,2012
Skrillex,8,2013
Skrillex,10,2014
Skrillex,10,2015
Skrillex,7,2016
Skrillex,9,2017
Skrillex,11,2018
Skrillex,10,2019
Skrillex,9,2020
Skrillex,10,2021
Skrillex,7,2022
Skrillex,8,2023
Charlotte-de-Witte,42,2011
Charlotte-de-Witte,15,2012
Charlotte-de-Witte,8,2013
Charlotte-de-Witte,10,2014
Charlotte-de-Witte,10,2015
Charlotte-de-Witte,7,2016
Charlotte-de-Witte,9,2017
Charlotte-de-Witte,11,2018
Charlotte-de-Witte,10,2019
Charlotte-de-Witte,9,2020
Charlotte-de-Witte,10,2021
Charlotte-de-Witte,7,2022
Charlotte-de-Witte,8,2023
Oliver-Heldens,42,2011
Oliver-Heldens,15,2012
Oliver-Heldens,8,2013
Oliver-Heldens,10,2014
Oliver-Heldens,10,2015
Oliver-Heldens,7,2016
Oliver-Heldens,9,2017
Oliver-Heldens,11,2018
Oliver-Heldens,10,2019
Oliver-Heldens,9,2020
Oliver-Heldens,10,2021
Oliver-Heldens,7,2022
Oliver-Heldens,8,2023
FISHER,42,2011
FISHER,15,2012
FISHER,8,2013
FISHER,10,2014
FISHER,10,2015
FISHER,7,2016
FISHER,9,2017
FISHER,11,2018
FISHER,10,2019
FISHER,9,2020
FISHER,10,2021
FISHER,7,2022
FISHER,8,2023
GORDO,42,2011
GORDO,15,2012
GORDO,8,2013
GORDO,10,2014
GORDO,10,2015
GORDO,7,2016
GORDO,9,2017
GORDO,11,2018
GORDO,10,2019
GORDO,9,2020
GORDO,10,2021
GORDO,7,2022
GORDO,8,2023
Lost-Frequencies,42,2011
Lost-Frequencies,15,2012
Lost-Frequencies,8,2013
Lost-Frequencies,10,2014
Lost-Frequencies,10,2015
Lost-Frequencies,7,2016
Lost-Frequencies,9,2017
Lost-Frequencies,11,2018
Lost-Frequencies,10,2019
Lost-Frequencies,9,2020
Lost-Frequencies,10,2021
Lost-Frequencies,7,2022
Lost-Frequencies,8,2023
Tiësto,42,2011
Tiësto,15,2012
Tiësto,8,2013
Tiësto,10,2014
Tiësto,10,2015
Tiësto,7,2016
Tiësto,9,2017
Tiësto,11,2018
Tiësto,10,2019
Tiësto,9,2020
Tiësto,10,2021
Tiësto,7,2022
Tiësto,8,2023
Nicky-Romero,42,2011
Nicky-Romero,15,2012
Nicky-Romero,8,2013
Nicky-Romero,10,2014
Nicky-Romero,10,2015
Nicky-Romero,7,2016
Nicky-Romero,9,2017
Nicky-Romero,11,2018
Nicky-Romero,10,2019
Nicky-Romero,9,2020
Nicky-Romero,10,2021
Nicky-Romero,7,2022
Nicky-Romero,8,2023
Black-Coffee,42,2011
Black-Coffee,15,2012
Black-Coffee,8,2013
Black-Coffee,10,2014
Black-Coffee,10,2015
Black-Coffee,7,2016
Black-Coffee,9,2017
Black-Coffee,11,2018
Black-Coffee,10,2019
Black-Coffee,9,2020
Black-Coffee,10,2021
Black-Coffee,7,2022
Black-Coffee,8,2023
Carl-Cox,42,2011
Carl-Cox,15,2012
Carl-Cox,8,2013
Carl-Cox,10,2014
Carl-Cox,10,2015
Carl-Cox,7,2016
Carl-Cox,9,2017
Carl-Cox,11,2018
Carl-Cox,10,2019
Carl-Cox,9,2020
Carl-Cox,10,2021
Carl-Cox,7,2022
Carl-Cox,8,2023
Reinier-Zonneveld,42,2011
Reinier-Zonneveld,15,2012
Reinier-Zonneveld,8,2013
Reinier-Zonneveld,10,2014
Reinier-Zonneveld,10,2015
Reinier-Zonneveld,7,2016
Reinier-Zonneveld,9,2017
Reinier-Zonneveld,11,2018
Reinier-Zonneveld,10,2019
Reinier-Zonneveld,9,2020
Reinier-Zonneveld,10,2021
Reinier-Zonneveld,7,2022
Reinier-Zonneveld,8,2023
Vini-Vici,42,2011
Vini-Vici,15,2012
Vini-Vici,8,2013
Vini-Vici,10,2014
Vini-Vici,10,2015
Vini-Vici,7,2016
Vini-Vici,9,2017
Vini-Vici,11,2018
Vini-Vici,10,2019
Vini-Vici,9,2020
Vini-Vici,10,2021
Vini-Vici,7,2022
Vini-Vici,8,2023
Quintino,42,2011
Quintino,15,2012
Quintino,8,2013
Quintino,10,2014
Quintino,10,2015
Quintino,7,2016
Quintino,9,2017
Quintino,11,2018
Quintino,10,2019
Quintino,9,2020
Quintino,10,2021
Quintino,7,2022
Quintino,8,2023
Amelie-Lens,42,2011
Amelie-Lens,15,2012
Amelie-Lens,8,2013
Amelie-Lens,10,2014
Amelie-Lens,10,2015
Amelie-Lens,7,2016
Amelie-Lens,9,2017
Amelie-Lens,11,2018
Amelie-Lens,10,2019
Amelie-Lens,9,2020
Amelie-Lens,10,2021
Amelie-Lens,7,2022
Amelie-Lens,8,2023
Bassjackers,42,2011
Bassjackers,15,2012
Bassjackers,8,2013
Bassjackers,10,2014
Bassjackers,10,2015
Bassjackers,7,2016
Bassjackers,9,2017
Bassjackers,11,2018
Bassjackers,10,2019
Bassjackers,9,2020
Bassjackers,10,2021
Bassjackers,7,2022
Bassjackers,8,2023
Claptone,42,2011
Claptone,15,2012
Claptone,8,2013
Claptone,10,2014
Claptone,10,2015
Claptone,7,2016
Claptone,9,2017
Claptone,11,2018
Claptone,10,2019
Claptone,9,2020
Claptone,10,2021
Claptone,7,2022
Claptone,8,2023
Fedde-Le-Grand,42,2011
Fedde-Le-Grand,15,2012
Fedde-Le-Grand,8,2013
Fedde-Le-Grand,10,2014
Fedde-Le-Grand,10,2015
Fedde-Le-Grand,7,2016
Fedde-Le-Grand,9,2017
Fedde-Le-Grand,11,2018
Fedde-Le-Grand,10,2019
Fedde-Le-Grand,9,2020
Fedde-Le-Grand,10,2021
Fedde-Le-Grand,7,2022
Fedde-Le-Grand,8,2023
Fred-Again..,42,2011
Fred-Again..,15,2012
Fred-Again..,8,2013
Fred-Again..,10,2014
Fred-Again..,10,2015
Fred-Again..,7,2016
Fred-Again..,9,2017
Fred-Again..,11,2018
Fred-Again..,10,2019
Fred-Again..,9,2020
Fred-Again..,10,2021
Fred-Again..,7,2022
Fred-Again..,8,2023
Marshmello,42,2011
Marshmello,15,2012
Marshmello,8,2013
Marshmello,10,2014
Marshmello,10,2015
Marshmello,7,2016
Marshmello,9,2017
Marshmello,11,2018
Marshmello,10,2019
Marshmello,9,2020
Marshmello,10,2021
Marshmello,7,2022
Marshmello,8,2023
Jamie-Jones,42,2011
Jamie-Jones,15,2012
Jamie-Jones,8,2013
Jamie-Jones,10,2014
Jamie-Jones,10,2015
Jamie-Jones,7,2016
Jamie-Jones,9,2017
Jamie-Jones,11,2018
Jamie-Jones,10,2019
Jamie-Jones,9,2020
Jamie-Jones,10,2021
Jamie-Jones,7,2022
Jamie-Jones,8,2023
Hardwell,42,2011
Hardwell,15,2012
Hardwell,8,2013
Hardwell,10,2014
Hardwell,10,2015
Hardwell,7,2016
Hardwell,9,2017
Hardwell,11,2018
Hardwell,10,2019
Hardwell,9,2020
Hardwell,10,2021
Hardwell,7,2022
Hardwell,8,2023
DJ-Snake,42,2011
DJ-Snake,15,2012
DJ-Snake,8,2013
DJ-Snake,10,2014
DJ-Snake,10,2015
DJ-Snake,7,2016
DJ-Snake,9,2017
DJ-Snake,11,2018
DJ-Snake,10,2019
DJ-Snake,9,2020
DJ-Snake,10,2021
DJ-Snake,7,2022
DJ-Snake,8,2023
Eric-Prydz,42,2011
Eric-Prydz,15,2012
Eric-Prydz,8,2013
Eric-Prydz,10,2014
Eric-Prydz,10,2015
Eric-Prydz,7,2016
Eric-Prydz,9,2017
Eric-Prydz,11,2018
Eric-Prydz,10,2019
Eric-Prydz,9,2020
Eric-Prydz,10,2021
Eric-Prydz,7,2022
Eric-Prydz,8,2023
Above--Beyond,42,2011
Above--Beyond,15,2012
Above--Beyond,8,2013
Above--Beyond,10,2014
Above--Beyond,10,2015
Above--Beyond,7,2016
Above--Beyond,9,2017
Above--Beyond,11,2018
Above--Beyond,10,2019
Above--Beyond,9,2020
Above--Beyond,10,2021
Above--Beyond,7,2022
Above--Beyond,8,2023
Joel-Corry,42,2011
Joel-Corry,15,2012
Joel-Corry,8,2013
Joel-Corry,10,2014
Joel-Corry,10,2015
Joel-Corry,7,2016
Joel-Corry,9,2017
Joel-Corry,11,2018
Joel-Corry,10,2019
Joel-Corry,9,2020
Joel-Corry,10,2021
Joel-Corry,7,2022
Joel-Corry,8,2023
Danny-Avila,42,2011
Danny-Avila,15,2012
Danny-Avila,8,2013
Danny-Avila,10,2014
Danny-Avila,10,2015
Danny-Avila,7,2016
Danny-Avila,9,2017
Danny-Avila,11,2018
Danny-Avila,10,2019
Danny-Avila,9,2020
Danny-Avila,10,2021
Danny-Avila,7,2022
Danny-Avila,8,2023
Mariana-Bo,42,2011
Mariana-Bo,15,2012
Mariana-Bo,8,2013
Mariana-Bo,10,2014
Mariana-Bo,10,2015
Mariana-Bo,7,2016
Mariana-Bo,9,2017
Mariana-Bo,11,2018
Mariana-Bo,10,2019
Mariana-Bo,9,2020
Mariana-Bo,10,2021
Mariana-Bo,7,2022
Mariana-Bo,8,2023
The-Chainsmokers,42,2011
The-Chainsmokers,15,2012
The-Chainsmokers,8,2013
The-Chainsmokers,10,2014
The-Chainsmokers,10,2015
The-Chainsmokers,7,2016
The-Chainsmokers,9,2017
The-Chainsmokers,11,2018
The-Chainsmokers,10,2019
The-Chainsmokers,9,2020
The-Chainsmokers,10,2021
The-Chainsmokers,7,2022
The-Chainsmokers,8,2023
Paul-van-Dyk,42,2011
Paul-van-Dyk,15,2012
Paul-van-Dyk,8,2013
Paul-van-Dyk,10,2014
Paul-van-Dyk,10,2015
Paul-van-Dyk,7,2016
Paul-van-Dyk,9,2017
Paul-van-Dyk,11,2018
Paul-van-Dyk,10,2019
Paul-van-Dyk,9,2020
Paul-van-Dyk,10,2021
Paul-van-Dyk,7,2022
Paul-van-Dyk,8,2023
Deborah-De-Luca,42,2011
Deborah-De-Luca,15,2012
Deborah-De-Luca,8,2013
Deborah-De-Luca,10,2014
Deborah-De-Luca,10,2015
Deborah-De-Luca,7,2016
Deborah-De-Luca,9,2017
Deborah-De-Luca,11,2018
Deborah-De-Luca,10,2019
Deborah-De-Luca,9,2020
Deborah-De-Luca,10,2021
Deborah-De-Luca,7,2022
Deborah-De-Luca,8,2023
Zedd,42,2011
Zedd,15,2012
Zedd,8,2013
Zedd,10,2014
Zedd,10,2015
Zedd,7,2016
Zedd,9,2017
Zedd,11,2018
Zedd,10,2019
Zedd,9,2020
Zedd,10,2021
Zedd,7,2022
Zedd,8,2023
Nervo,42,2011
Nervo,15,2012
Nervo,8,2013
Nervo,10,2014
Nervo,10,2015
Nervo,7,2016
Nervo,9,2017
Nervo,11,2018
Nervo,10,2019
Nervo,9,2020
Nervo,10,2021
Nervo,7,2022
Nervo,8,2023
ATB,42,2011
ATB,15,2012
ATB,8,2013
ATB,10,2014
ATB,10,2015
ATB,7,2016
ATB,9,2017
ATB,11,2018
ATB,10,2019
ATB,9,2020
ATB,10,2021
ATB,7,2022
ATB,8,2023
Beauz,42,2011
Beauz,15,2012
Beauz,8,2013
Beauz,10,2014
Beauz,10,2015
Beauz,7,2016
Beauz,9,2017
Beauz,11,2018
Beauz,10,2019
Beauz,9,2020
Beauz,10,2021
Beauz,7,2022
Beauz,8,2023
VINAI,42,2011
VINAI,15,2012
VINAI,8,2013
VINAI,10,2014
VINAI,10,2015
VINAI,7,2016
VINAI,9,2017
VINAI,11,2018
VINAI,10,2019
VINAI,9,2020
VINAI,10,2021
VINAI,7,2022
VINAI,8,2023
Alesso,42,2011
Alesso,15,2012
Alesso,8,2013
Alesso,10,2014
Alesso,10,2015
Alesso,7,2016
Alesso,9,2017
Alesso,11,2018
Alesso,10,2019
Alesso,9,2020
Alesso,10,2021
Alesso,7,2022
Alesso,8,2023
Nora-En-Pure,42,2011
Nora-En-Pure,15,2012
Nora-En-Pure,8,2013
Nora-En-Pure,10,2014
Nora-En-Pure,10,2015
Nora-En-Pure,7,2016
Nora-En-Pure,9,2017
Nora-En-Pure,11,2018
Nora-En-Pure,10,2019
Nora-En-Pure,9,2020
Nora-En-Pure,10,2021
Nora-En-Pure,7,2022
Nora-En-Pure,8,2023
Tujamo,42,2011
Tujamo,15,2012
Tujamo,8,2013
Tujamo,10,2014
Tujamo,10,2015
Tujamo,7,2016
Tujamo,9,2017
Tujamo,11,2018
Tujamo,10,2019
Tujamo,9,2020
Tujamo,10,2021
Tujamo,7,2022
Tujamo,8,2023
Boris-Brejcha,42,2011
Boris-Brejcha,15,2012
Boris-Brejcha,8,2013
Boris-Brejcha,10,2014
Boris-Brejcha,10,2015
Boris-Brejcha,7,2016
Boris-Brejcha,9,2017
Boris-Brejcha,11,2018
Boris-Brejcha,10,2019
Boris-Brejcha,9,2020
Boris-Brejcha,10,2021
Boris-Brejcha,7,2022
Boris-Brejcha,8,2023
REZZ,42,2011
REZZ,15,2012
REZZ,8,2013
REZZ,10,2014
REZZ,10,2015
REZZ,7,2016
REZZ,9,2017
REZZ,11,2018
REZZ,10,2019
REZZ,9,2020
REZZ,10,2021
REZZ,7,2022
REZZ,8,2023
Topic,42,2011
Topic,15,2012
Topic,8,2013
Topic,10,2014
Topic,10,2015
Topic,7,2016
Topic,9,2017
Topic,11,2018
Topic,10,2019
Topic,9,2020
Topic,10,2021
Topic,7,2022
Topic,8,2023
Blasterjaxx,42,2011
Blasterjaxx,15,2012
Blasterjaxx,8,2013
Blasterjaxx,10,2014
Blasterjaxx,10,2015
Blasterjaxx,7,2016
Blasterjaxx,9,2017
Blasterjaxx,11,2018
Blasterjaxx,10,2019
Blasterjaxx,9,2020
Blasterjaxx,10,2021
Blasterjaxx,7,2022
Blasterjaxx,8,2023
KAAZE,42,2011
KAAZE,15,2012
KAAZE,8,2013
KAAZE,10,2014
KAAZE,10,2015
KAAZE,7,2016
KAAZE,9,2017
KAAZE,11,2018
KAAZE,10,2019
KAAZE,9,2020
KAAZE,10,2021
KAAZE,7,2022
KAAZE,8,2023
The-Martinez-Brothers,42,2011
The-Martinez-Brothers,15,2012
The-Martinez-Brothers,8,2013
The-Martinez-Brothers,10,2014
The-Martinez-Brothers,10,2015
The-Martinez-Brothers,7,2016
The-Martinez-Brothers,9,2017
The-Martinez-Brothers,11,2018
The-Martinez-Brothers,10,2019
The-Martinez-Brothers,9,2020
The-Martinez-Brothers,10,2021
The-Martinez-Brothers,7,2022
The-Martinez-Brothers,8,2023
Adam-Beyer,42,2011
Adam-Beyer,15,2012
Adam-Beyer,8,2013
Adam-Beyer,10,2014
Adam-Beyer,10,2015
Adam-Beyer,7,2016
Adam-Beyer,9,2017
Adam-Beyer,11,2018
Adam-Beyer,10,2019
Adam-Beyer,9,2020
Adam-Beyer,10,2021
Adam-Beyer,7,2022
Adam-Beyer,8,2023
Kura,42,2011
Kura,15,2012
Kura,8,2013
Kura,10,2014
Kura,10,2015
Kura,7,2016
Kura,9,2017
Kura,11,2018
Kura,10,2019
Kura,9,2020
Kura,10,2021
Kura,7,2022
Kura,8,2023
Swedish-House-Mafia,42,2011
Swedish-House-Mafia,15,2012
Swedish-House-Mafia,8,2013
Swedish-House-Mafia,10,2014
Swedish-House-Mafia,10,2015
Swedish-House-Mafia,7,2016
Swedish-House-Mafia,9,2017
Swedish-House-Mafia,11,2018
Swedish-House-Mafia,10,2019
Swedish-House-Mafia,9,2020
Swedish-House-Mafia,10,2021
Swedish-House-Mafia,7,2022
Swedish-House-Mafia,8,2023
Dubdogz,42,2011
Dubdogz,15,2012
Dubdogz,8,2013
Dubdogz,10,2014
Dubdogz,10,2015
Dubdogz,7,2016
Dubdogz,9,2017
Dubdogz,11,2018
Dubdogz,10,2019
Dubdogz,9,2020
Dubdogz,10,2021
Dubdogz,7,2022
Dubdogz,8,2023
Deadmau5,42,2011
Deadmau5,15,2012
Deadmau5,8,2013
Deadmau5,10,2014
Deadmau5,10,2015
Deadmau5,7,2016
Deadmau5,9,2017
Deadmau5,11,2018
Deadmau5,10,2019
Deadmau5,9,2020
Deadmau5,10,2021
Deadmau5,7,2022
Deadmau5,8,2023
Mike-Williams,42,2011
Mike-Williams,15,2012
Mike-Williams,8,2013
Mike-Williams,10,2014
Mike-Williams,10,2015
Mike-Williams,7,2016
Mike-Williams,9,2017
Mike-Williams,11,2018
Mike-Williams,10,2019
Mike-Williams,9,2020
Mike-Williams,10,2021
Mike-Williams,7,2022
Mike-Williams,8,2023
Burak-Yeter,42,2011
Burak-Yeter,15,2012
Burak-Yeter,8,2013
Burak-Yeter,10,2014
Burak-Yeter,10,2015
Burak-Yeter,7,2016
Burak-Yeter,9,2017
Burak-Yeter,11,2018
Burak-Yeter,10,2019
Burak-Yeter,9,2020
Burak-Yeter,10,2021
Burak-Yeter,7,2022
Burak-Yeter,8,2023
Julian-Jordan,42,2011
Julian-Jordan,15,2012
Julian-Jordan,8,2013
Julian-Jordan,10,2014
Julian-Jordan,10,2015
Julian-Jordan,7,2016
Julian-Jordan,9,2017
Julian-Jordan,11,2018
Julian-Jordan,10,2019
Julian-Jordan,9,2020
Julian-Jordan,10,2021
Julian-Jordan,7,2022
Julian-Jordan,8,2023
Ummet-Ozcan,42,2011
Ummet-Ozcan,15,2012
Ummet-Ozcan,8,2013
Ummet-Ozcan,10,2014
Ummet-Ozcan,10,2015
Ummet-Ozcan,7,2016
Ummet-Ozcan,9,2017
Ummet-Ozcan,11,2018
Ummet-Ozcan,10,2019
Ummet-Ozcan,9,2020
Ummet-Ozcan,10,2021
Ummet-Ozcan,7,2022
Ummet-Ozcan,8,2023
Cat-Dealers,42,2011
Cat-Dealers,15,2012
Cat-Dealers,8,2013
Cat-Dealers,10,2014
Cat-Dealers,10,2015
Cat-Dealers,7,2016
Cat-Dealers,9,2017
Cat-Dealers,11,2018
Cat-Dealers,10,2019
Cat-Dealers,9,2020
Cat-Dealers,10,2021
Cat-Dealers,7,2022
Cat-Dealers,8,2023
Angerfist,42,2011
Angerfist,15,2012
Angerfist,8,2013
Angerfist,10,2014
Angerfist,10,2015
Angerfist,7,2016
Angerfist,9,2017
Angerfist,11,2018
Angerfist,10,2019
Angerfist,9,2020
Angerfist,10,2021
Angerfist,7,2022
Angerfist,8,2023
Plastik-Funk,42,2011
Plastik-Funk,15,2012
Plastik-Funk,8,2013
Plastik-Funk,10,2014
Plastik-Funk,10,2015
Plastik-Funk,7,2016
Plastik-Funk,9,2017
Plastik-Funk,11,2018
Plastik-Funk,10,2019
Plastik-Funk,9,2020
Plastik-Funk,10,2021
Plastik-Funk,7,2022
Plastik-Funk,8,2023
Tungevaag,42,2011
Tungevaag,15,2012
Tungevaag,8,2013
Tungevaag,10,2014
Tungevaag,10,2015
Tungevaag,7,2016
Tungevaag,9,2017
Tungevaag,11,2018
Tungevaag,10,2019
Tungevaag,9,2020
Tungevaag,10,2021
Tungevaag,7,2022
Tungevaag,8,2023
Acraze,42,2011
Acraze,15,2012
Acraze,8,2013
Acraze,10,2014
Acraze,10,2015
Acraze,7,2016
Acraze,9,2017
Acraze,11,2018
Acraze,10,2019
Acraze,9,2020
Acraze,10,2021
Acraze,7,2022
Acraze,8,2023
Tom--Collins,42,2011
Tom--Collins,15,2012
Tom--Collins,8,2013
Tom--Collins,10,2014
Tom--Collins,10,2015
Tom--Collins,7,2016
Tom--Collins,9,2017
Tom--Collins,11,2018
Tom--Collins,10,2019
Tom--Collins,9,2020
Tom--Collins,10,2021
Tom--Collins,7,2022
Tom--Collins,8,2023
Deorro,42,2011
Deorro,15,2012
Deorro,8,2013
Deorro,10,2014
Deorro,10,2015
Deorro,7,2016
Deorro,9,2017
Deorro,11,2018
Deorro,10,2019
Deorro,9,2020
Deorro,10,2021
Deorro,7,2022
Deorro,8,2023
Ofenbach,42,2011
Ofenbach,15,2012
Ofenbach,8,2013
Ofenbach,10,2014
Ofenbach,10,2015
Ofenbach,7,2016
Ofenbach,9,2017
Ofenbach,11,2018
Ofenbach,10,2019
Ofenbach,9,2020
Ofenbach,10,2021
Ofenbach,7,2022
Ofenbach,8,2023
22Bullets,42,2011
22Bullets,15,2012
22Bullets,8,2013
22Bullets,10,2014
22Bullets,10,2015
22Bullets,7,2016
22Bullets,9,2017
22Bullets,11,2018
22Bullets,10,2019
22Bullets,9,2020
22Bullets,10,2021
22Bullets,7,2022
22Bullets,8,2023
Brennan-Heart,42,2011
Brennan-Heart,15,2012
Brennan-Heart,8,2013
Brennan-Heart,10,2014
Brennan-Heart,10,2015
Brennan-Heart,7,2016
Brennan-Heart,9,2017
Brennan-Heart,11,2018
Brennan-Heart,10,2019
Brennan-Heart,9,2020
Brennan-Heart,10,2021
Brennan-Heart,7,2022
Brennan-Heart,8,2023
Diego-Miranda,42,2011
Diego-Miranda,15,2012
Diego-Miranda,8,2013
Diego-Miranda,10,2014
Diego-Miranda,10,2015
Diego-Miranda,7,2016
Diego-Miranda,9,2017
Diego-Miranda,11,2018
Diego-Miranda,10,2019
Diego-Miranda,9,2020
Diego-Miranda,10,2021
Diego-Miranda,7,2022
Diego-Miranda,8,2023
Lucas--Steve,42,2011
Lucas--Steve,15,2012
Lucas--Steve,8,2013
Lucas--Steve,10,2014
Lucas--Steve,10,2015
Lucas--Steve,7,2016
Lucas--Steve,9,2017
Lucas--Steve,11,2018
Lucas--Steve,10,2019
Lucas--Steve,9,2020
Lucas--Steve,10,2021
Lucas--Steve,7,2022
Lucas--Steve,8,2023
Aryue,42,2011
Aryue,15,2012
Aryue,8,2013
Aryue,10,2014
Aryue,10,2015
Aryue,7,2016
Aryue,9,2017
Aryue,11,2018
Aryue,10,2019
Aryue,9,2020
Aryue,10,2021
Aryue,7,2022
Aryue,8,2023
James-Hype,42,2011
James-Hype,15,2012
James-Hype,8,2013
James-Hype,10,2014
James-Hype,10,2015
James-Hype,7,2016
James-Hype,9,2017
James-Hype,11,2018
James-Hype,10,2019
James-Hype,9,2020
James-Hype,10,2021
James-Hype,7,2022
James-Hype,8,2023
Le-Twins,42,2011
Le-Twins,15,2012
Le-Twins,8,2013
Le-Twins,10,2014
Le-Twins,10,2015
Le-Twins,7,2016
Le-Twins,9,2017
Le-Twins,11,2018
Le-Twins,10,2019
Le-Twins,9,2020
Le-Twins,10,2021
Le-Twins,7,2022
Le-Twins,8,2023
Pink-Panda,42,2011
Pink-Panda,15,2012
Pink-Panda,8,2013
Pink-Panda,10,2014
Pink-Panda,10,2015
Pink-Panda,7,2016
Pink-Panda,9,2017
Pink-Panda,11,2018
Pink-Panda,10,2019
Pink-Panda,9,2020
Pink-Panda,10,2021
Pink-Panda,7,2022
Pink-Panda,8,2023
KAKA,42,2011
KAKA,15,2012
KAKA,8,2013
KAKA,10,2014
KAKA,10,2015
KAKA,7,2016
KAKA,9,2017
KAKA,11,2018
KAKA,10,2019
KAKA,9,2020
KAKA,10,2021
KAKA,7,2022
KAKA,8,2023
Naeleck,42,2011
Naeleck,15,2012
Naeleck,8,2013
Naeleck,10,2014
Naeleck,10,2015
Naeleck,7,2016
Naeleck,9,2017
Naeleck,11,2018
Naeleck,10,2019
Naeleck,9,2020
Naeleck,10,2021
Naeleck,7,2022
Naeleck,8,2023
MARTEN-HØRGER,42,2011
MARTEN-HØRGER,15,2012
MARTEN-HØRGER,8,2013
MARTEN-HØRGER,10,2014
MARTEN-HØRGER,10,2015
MARTEN-HØRGER,7,2016
MARTEN-HØRGER,9,2017
MARTEN-HØRGER,11,2018
MARTEN-HØRGER,10,2019
MARTEN-HØRGER,9,2020
MARTEN-HØRGER,10,2021
MARTEN-HØRGER,7,2022
MARTEN-HØRGER,8,2023
Ferry-Corsten,42,2011
Ferry-Corsten,15,2012
Ferry-Corsten,8,2013
Ferry-Corsten,10,2014
Ferry-Corsten,10,2015
Ferry-Corsten,7,2016
Ferry-Corsten,9,2017
Ferry-Corsten,11,2018
Ferry-Corsten,10,2019
Ferry-Corsten,9,2020
Ferry-Corsten,10,2021
Ferry-Corsten,7,2022
Ferry-Corsten,8,2023
MORTEN,42,2011
MORTEN,15,2012
MORTEN,8,2013
MORTEN,10,2014
MORTEN,10,2015
MORTEN,7,2016
MORTEN,9,2017
MORTEN,11,2018
MORTEN,10,2019
MORTEN,9,2020
MORTEN,10,2021
MORTEN,7,2022
MORTEN,8,2023
Kölsch,42,2011
Kölsch,15,2012
Kölsch,8,2013
Kölsch,10,2014
Kölsch,10,2015
Kölsch,7,2016
Kölsch,9,2017
Kölsch,11,2018
Kölsch,10,2019
Kölsch,9,2020
Kölsch,10,2021
Kölsch,7,2022
Kölsch,8,2023
Rave-Republic,42,2011
Rave-Republic,15,2012
Rave-Republic,8,2013
Rave-Republic,10,2014
Rave-Republic,10,2015
Rave-Republic,7,2016
Rave-Republic,9,2017
Rave-Republic,11,2018
Rave-Republic,10,2019
Rave-Republic,9,2020
Rave-Republic,10,2021
Rave-Republic,7,2022
Rave-Republic,8,2023
Cuebrick,42,2011
Cuebrick,15,2012
Cuebrick,8,2013
Cuebrick,10,2014
Cuebrick,10,2015
Cuebrick,7,2016
Cuebrick,9,2017
Cuebrick,11,2018
Cuebrick,10,2019
Cuebrick,9,2020
Cuebrick,10,2021
Cuebrick,7,2022
Cuebrick,8,2023
Solomun,42,2011
Solomun,15,2012
Solomun,8,2013
Solomun,10,2014
Solomun,10,2015
Solomun,7,2016
Solomun,9,2017
Solomun,11,2018
Solomun,10,2019
Solomun,9,2020
Solomun,10,2021
Solomun,7,2022
Solomun,8,2023
Maddix,42,2011
Maddix,15,2012
Maddix,8,2013
Maddix,10,2014
Maddix,10,2015
Maddix,7,2016
Maddix,9,2017
Maddix,11,2018
Maddix,10,2019
Maddix,9,2020
Maddix,10,2021
Maddix,7,2022
Maddix,8,2023
Lizzy-Wang,42,2011
Lizzy-Wang,15,2012
Lizzy-Wang,8,2013
Lizzy-Wang,10,2014
Lizzy-Wang,10,2015
Lizzy-Wang,7,2016
Lizzy-Wang,9,2017
Lizzy-Wang,11,2018
Lizzy-Wang,10,2019
Lizzy-Wang,9,2020
Lizzy-Wang,10,2021
Lizzy-Wang,7,2022
Lizzy-Wang,8,2023
Indira-Paganotto,42,2011
Indira-Paganotto,15,2012
Indira-Paganotto,8,2013
Indira-Paganotto,10,2014
Indira-Paganotto,10,2015
Indira-Paganotto,7,2016
Indira-Paganotto,9,2017
Indira-Paganotto,11,2018
Indira-Paganotto,10,2019
Indira-Paganotto,9,2020
Indira-Paganotto,10,2021
Indira-Paganotto,7,2022
Indira-Paganotto,8,2023
Liu,42,2011
Liu,15,2012
Liu,8,2013
Liu,10,2014
Liu,10,2015
Liu,7,2016
Liu,9,2017
Liu,11,2018
Liu,10,2019
Liu,9,2020
Liu,10,2021
Liu,7,2022
Liu,8,2023
Le-Shuuk,42,2011
Le-Shuuk,15,2012
Le-Shuuk,8,2013
Le-Shuuk,10,2014
Le-Shuuk,10,2015
Le-Shuuk,7,2016
Le-Shuuk,9,2017
Le-Shuuk,11,2018
Le-Shuuk,10,2019
Le-Shuuk,9,2020
Le-Shuuk,10,2021
Le-Shuuk,7,2022
Le-Shuuk,8,2023
Jay-Hardway,42,2011
Jay-Hardway,15,2012
Jay-Hardway,8,2013
Jay-Hardway,10,2014
Jay-Hardway,10,2015
Jay-Hardway,7,2016
Jay-Hardway,9,2017
Jay-Hardway,11,2018
Jay-Hardway,10,2019
Jay-Hardway,9,2020
Jay-Hardway,10,2021
Jay-Hardway,7,2022
Jay-Hardway,8,2023
